method,effect,any_reported,mean_terms_reported,mean_terms_tested,signal_detected,n_sim,experiment
uncorrected,0.0,0.75,1.46,52.985,,200,null
benjamini-hochberg,0.0,0.035,0.04,52.985,,200,null
permutation,0.0,0.05,0.055,52.985,,200,null
benjamini-hochberg,0.1,0.045454545454545456,0.045454545454545456,52.96969696969697,0.0,66,power
permutation,0.1,0.045454545454545456,0.045454545454545456,52.96969696969697,0.0,66,power
benjamini-hochberg,0.2,0.12121212121212122,0.12121212121212122,52.96969696969697,0.07575757575757576,66,power
permutation,0.2,0.16666666666666666,0.16666666666666666,52.96969696969697,0.12121212121212122,66,power
benjamini-hochberg,0.4,0.8181818181818182,0.9393939393939394,52.96969696969697,0.8181818181818182,66,power
permutation,0.4,0.8787878787878788,1.0,52.96969696969697,0.8787878787878788,66,power
